代码,名称,类型,调整,单阳日
688556,高测股份,中势型,4,2026-01-15
002012,凯恩股份,中势型,4,2026-02-11
603225,新凤鸣,中势型,4,2026-02-11
603125,常青科技,中势型,4,2026-02-11
601089,福元医药,中势型,4,2025-12-19
603876,鼎胜新材,中势型,4,2026-02-11
600295,鄂尔多斯,中势型,4,2026-02-11
603618,杭电股份,中势型,4,2026-02-11
002810,山东赫达,中势型,4,2026-02-11
002340,格林美,中势型,4,2026-02-11
601233,桐昆股份,中势型,4,2026-02-11
001360,南矿集团,中势型,4,2025-12-19
000582,北部湾港,中势型,4,2026-02-11
603008,喜临门,中势型,4,2025-12-19
000850,华茂股份,中势型,4,2026-02-11
601958,金钼股份,中势型,4,2026-02-11
688106,金宏气体,中势型,4,2026-01-19
688517,金冠电气,中势型,4,2026-01-19
600079,人福医药,中势型,4,2025-12-19
001376,百通能源,中势型,4,2026-02-11
688485,九州一轨,中势型,4,2026-01-19
600299,安迪苏,中势型,4,2026-02-11
000612,焦作万方,中势型,4,2026-02-11
688156,路德环境,中势型,4,2026-01-19
688432,有研硅,中势型,5,2026-01-16
600452,涪陵电力,中势型,5,2026-02-10
000571,新大洲A,中势型,5,2026-02-10
605555,德昌股份,中势型,5,2026-02-10
688403,汇成股份,中势型,5,2026-01-16
603328,依顿电子,中势型,5,2026-02-10
001217,华尔泰,中势型,5,2026-02-10
603638,艾迪精密,中势型,5,2026-02-10
002215,诺 普 信,中势型,5,2026-02-10
600668,尖峰集团,中势型,5,2026-02-10
600326,西藏天路,中势型,5,2026-02-10
002196,方正电机,中势型,5,2026-02-10
688597,煜邦电力,中势型,5,2026-01-16
688096,京源环保,中势型,5,2026-01-15
603162,海通发展,中势型,5,2026-02-10
000829,天音控股,中势型,5,2026-02-10
002806,华锋股份,中势型,5,2026-02-10
002440,闰土股份,中势型,5,2026-02-10
002634,棒杰股份,中势型,5,2026-02-10
600207,安彩高科,中势型,5,2026-02-10
688179,阿拉丁,中势型,5,2026-01-16
603861,白云电器,强势型,1,2026-02-24
600667,太极实业,强势型,1,2026-02-24
000811,冰轮环境,强势型,1,2026-02-24
002478,常宝股份,强势型,1,2026-02-24
002283,天润工业,强势型,1,2026-02-24
603601,再升科技,强势型,1,2026-02-24
600105,永鼎股份,强势型,1,2025-12-24
600765,中航重机,强势型,1,2026-02-24
600367,红星发展,强势型,1,2026-02-24
600470,六国化工,强势型,1,2026-02-24
603466,风语筑,强势型,1,2026-02-24
002931,锋龙股份,强势型,1,2025-12-17
600955,维远股份,强势型,1,2026-02-24
600916,中国黄金,强势型,1,2026-02-24
603002,宏昌电子,强势型,1,2026-02-24
603588,高能环境,强势型,1,2026-02-24
603330,天洋新材,强势型,1,2026-02-24
600869,远东股份,强势型,1,2026-02-24
002957,科瑞技术,强势型,2,2025-12-23
601777,千里科技,强势型,2,2026-02-13
600397,江钨装备,强势型,2,2026-02-13
002448,中原内配,强势型,3,2026-02-12
002131,利欧股份,强势型,3,2026-02-12
